run,median_AB,median_AD,cliffs_delta,mw_p
0,0.268602192401886,0.2645723819732666,0.0270938172,1.1719975551744784e-13
1,0.27411627769470215,0.26437583565711975,0.0693499696,1.979522187190338e-80
2,0.26096782088279724,0.26772284507751465,-0.0430388024,4.5763274158792715e-32
3,0.27056264877319336,0.26563024520874023,0.0328223936,2.500862562077801e-19
4,0.26625552773475647,0.2650693655014038,0.0076894172,0.03521973115390414
